Title,Author,Type,Tags,Starred,Notes,Link
Are You Destined to Deal?,Jim Donovan,Video,Finance,Y,The definitive video on how to become (and what it takes to succeed as) a transaction adviser. Life changing.,https://www.youtube.com/watch?v=RpUJfW4WTKw
Solar Car Parks Are a Bad Way to Clean Up the Grid,David Fickling,Quote,Renewable Energy,N,"*Owners of farmland typically would like the freedom to harvest whatever commodity is most profitable-whether rice, wheat or solar electricity.*",https://www.bloomberg.com/opinion/articles/2026-06-04/solar-car-parks-are-a-bad-way-to-clean-up-the-grid
Babble and Prune,alkjash,Article,Learning,Y,"How do thoughts produce actionable insights? Implications for language, [creativity](https://theoatmeal.com/comics/making_things), and artificial intelligence.",https://www.lesswrong.com/s/pC6DYFLPMTCbEwH8W/p/i42Dfoh4HtsCAfXxL
Burnt,Bradley Cooper,Movie,Cooking,N,"If you're good enough, persistent, and incredibly lucky, you might get a second shot. Don't mess it up.",
Kitchen Confidential,Anthony Bourdain,Book,Cooking,Y,"Inside look at the restaurant industry. Must-read for any professional in client services, especially the chapter titled Bigfoot.",
The Bear,Jeremy Allen White,TV Series,Cooking,Y,"Dealing with grief in stressful situations. Could have ended after Season 1. Shoutout to [Forks](https://en.wikipedia.org/wiki/Forks_%28The_Bear%29) though.",
Welcome to AirSpace,Kyle Chayka,Article,Design,N,,https://www.theverge.com/2016/8/3/12325104/airbnb-aesthetic-global-minimalism-startup-gentrification
Crispy-Gone-Soggy Is the Finest Texture of Food There Is,Amiel Stanek,Article,Cooking,N,,https://www.bonappetit.com/story/crispy-gone-soggy
"I Didn't Know How to Tell My Guy Friends I Cared, So I Learned to Bake",Henry Dawson,Article,Cooking,N,,https://www.bonappetit.com/story/emotional-expression-baking
Outliers,Malcolm Gladwell,Book,Learning,N,,
How You Do Anything Is How You Do Everything,Ryan Holiday,Article,Learning,N,,https://ryanholiday.net/how-you-do-anything-is-how-you-do-everything/
There Are Extortion-Backed Bonds Now,Matt Levine,Article,Finance,N,,https://www.bloomberg.com/news/newsletters/2020-07-09/money-stuff-there-are-extortion-backed-bonds-now
How Much Do Buffett's Truck Stops Make?,Matt Levine,Article,Finance,N,,https://www.bloomberg.com/opinion/articles/2023-12-12/how-much-do-buffett-s-truck-stops-make
Electricity Market Rules Did Not Provide A Worthy Opponent For JPMorgan's Brainpower,Matt Levine,Article,Finance,N,,https://dealbreaker.com/2013/07/electricity-market-rules-were-not-a-worthy-opponent-for-jpmorgans-brainpower